{"accuracy": [0.4729064106941223, 0.5763546824455261, 0.47783252596855164, 0.49753695726394653, 0.5418719053268433, 0.5714285969734192, 0.5221675038337708, 0.5221675038337708], "auc": [0.506737470626831, 0.5340955257415771, 0.4573805332183838, 0.46702736616134644, 0.5216414928436279, 0.5717129707336426, 0.544201672077179, 0.4963250458240509], "loss": [0.6988450288772583, 0.6988864541053772, 0.7161124348640442, 0.7075535655021667, 0.697180986404419, 0.6845345497131348, 0.6925637125968933, 0.7032421231269836], "val_accuracy": [0.6200000047683716, 0.6200000047683716, 0.6200000047683716, 0.6200000047683716, 0.6200000047683716, 0.6200000047683716, 0.6200000047683716, 0.3799999952316284], "val_auc": [0.5, 0.6723259687423706, 0.5, 0.5, 0.6129032373428345, 0.5, 0.6086586713790894, 0.6290322542190552], "val_loss": [0.6786596775054932, 0.6848312616348267, 0.6842491626739502, 0.6842194199562073, 0.6918637752532959, 0.6880327463150024, 0.6895507574081421, 0.6943817734718323], "learning_rate": [9.999999747378752e-05, 9.999999747378752e-05, 9.999999747378752e-05, 9.999999747378752e-05, 9.999999747378752e-05, 4.999999873689376e-05, 4.999999873689376e-05, 4.999999873689376e-05]}