epoch,accuracy,auc,learning_rate,loss,val_accuracy,val_auc,val_loss
0,0.467980295419693,0.5148019790649414,9.999999747378752e-06,0.7155995965003967,0.6200000047683716,0.5,0.6858453154563904
1,0.4876847267150879,0.5433340072631836,9.999999747378752e-06,0.697239100933075,0.6200000047683716,0.5,0.6879118084907532
2,0.467980295419693,0.48320743441581726,9.999999747378752e-06,0.717688798904419,0.6200000047683716,0.5,0.6891195178031921
3,0.49753695726394653,0.5069926381111145,4.999999873689376e-06,0.7119068503379822,0.6200000047683716,0.5,0.6912281513214111
4,0.467980295419693,0.4220089912414551,4.999999873689376e-06,0.7481246590614319,0.2800000011920929,0.4677419364452362,0.6947381496429443
5,0.5369458198547363,0.5628317594528198,4.999999873689376e-06,0.6931731104850769,0.3799999952316284,0.27504244446754456,0.6993024349212646
